Ticker,Date,Time,Title
AMZN,Today,04:08AM,"Amazon warehouse workers are finally getting free $140 Prime memberships, but corporate colleagues arent"
AMZN,Sep-19-24,07:06PM,Amazon releases a video generator -- but only for ads
AMZN,Sep-19-24,04:34PM,Amazon unveils personal AI assistant for its third-party sellers
AMZN,Sep-19-24,02:59PM,"First Look: Whole Foods Market opens new, smaller store format"
AMZN,Sep-19-24,02:07PM,Amazon MGM Studios is joining the Motion Picture Assn.
AMZN,Sep-19-24,01:46PM,Amazon criticised by Business Secretary for ordering staff back to the office
AMZN,Sep-19-24,12:51PM,"Social-Media Firms Lack Adequate Privacy Controls, FTC Report Says"
AMZN,Sep-19-24,12:07PM,"Amazon debuts Project Amelia, an AI assistant for sellers"
AMZN,Sep-19-24,12:00PM,"Take a barbell approach to Mag 7, tech stocks: Citi strategist"
AMZN,Sep-19-24,11:50AM,Remote and Hybrid Work Are Still Popular. Just Ask This Furniture Maker
AMZN,Sep-19-24,10:58AM,"Amazon Launches Project Amelia, a Commerce Chatbot for its Third-Party Sellers"
AMZN,Sep-19-24,10:37AM,"Apple, Alibaba, PayPal and Amazon: 3 Stories In Focus"
AMZN,Sep-19-24,10:15AM,"1 Big New Reason to Buy Talkspace Stock, and 1 Reason to Avoid It"
AMZN,Sep-19-24,09:53AM,"Amazon debuts an AI assistant for sellers, Project Amelia"
AMZN,Sep-19-24,09:05AM,"Amazon adds chatbot for its sellers, boosting automation"
AMZN,Sep-19-24,09:04AM,Analyst Says Amazon.com Inc (NASDAQ:AMZN) is Still Attractively Valued
AMZN,Sep-19-24,08:23AM,"Amazon.com, Inc. (AMZN): Goldman Sachs Is Bullish On This AI Stock"
AMZN,Sep-19-24,07:33AM,Amazon.com Inc. (AMZN): Among the Best Fortune 500 Stocks to Buy Now
AMZN,Sep-19-24,07:30AM,Amazons New Shark Tank-Style Show Gives Winners Top Billing in Its Store
AMZN,Sep-19-24,06:14AM,Is MercadoLibre Stock a Buy Now?
AMZN,Sep-19-24,05:02AM,"Amazons new RTO mandate is a triumph of traditional management over innovative management, says former Google exec"
AMZN,Sep-19-24,04:47AM,"1 Stock-Split Stock Set to Join Nvidia, Apple, Microsoft, Amazon, Alphabet, and Meta In the $1 Trillion Club"
AMZN,Sep-19-24,04:20AM,Is This a Once-in-a-Generation Opportunity to Buy Amazon Stock?
AMZN,Sep-19-24,03:16AM,"Amazon.com, Inc. (AMZN) Poised for Growth with AI-Powered AWS Expansion and Potential Boost from New US Tariff Policies on Low-Priced Goods"
AMZN,Sep-18-24,06:07PM,Amazon workers are getting free Prime memberships
AMZN,Sep-18-24,05:45PM,Amazon (AMZN) Stock Moves -0.24%: What You Should Know
AMZN,Sep-18-24,05:18PM,Intel Corporation (INTC) Strikes A Deal With Tech Giant Amazon To Manufacture AI Chips
AMZN,Sep-18-24,03:56PM,"Amazon gives hourly workers pay raise, free Prime membership"
AMZN,Sep-18-24,03:24PM,"Amazon Boosts Worker Pay to Over $29/Hour, Invests $2.2B As Holiday Kicks In"
AMZN,Sep-18-24,03:15PM,"Wells Fargo Lowers Price Target For Amazon.com, Inc. (AMZN) And Keeps An Overweight Rating"
AMZN,Sep-18-24,02:25PM,Intel finally gives Wall Street good news
AMZN,Sep-18-24,01:04PM,Intel's Foundry Finally Has Some Good News. Has the Chipmaker Learned Its Lesson?
AMZN,Sep-18-24,12:28PM,Amazon raises warehouse worker base pay to $22 an hour
AMZN,Sep-18-24,12:24PM,PayPal Stock Rises On Amazon Prime Checkout Partnership
AMZN,Sep-18-24,11:55AM,Amazon integrates shoppable Buy with Prime ads with TikTok
AMZN,Sep-18-24,11:16AM,Oracle's Larry Ellison Briefly Became Wealthier Than Jeff Bezos. Here's How His Fortune Outpaced Amazon's Founder
AMZN,Sep-18-24,11:10AM,Amazon Boosts Warehouse Worker Pay by at Least $1.50 an Hour
AMZN,Sep-18-24,10:34AM,Buy with Prime and Amazon Multi-Channel Fulfillment Expand with New Capabilities and More Brands
AMZN,Sep-18-24,10:30AM,DHL Supply Chain and Amazon Delivery Partner Each Disclose Plans to Shutter Pennsylvania Facilities
AMZN,Sep-18-24,09:44AM,Amazon Stock: Is It A Buy As Tech Giant Chases Return To $2 Trillion Market Cap?
AMZN,Sep-18-24,09:28AM,Amazon provides sellers with managed end-to-end supply chain services
AMZN,Sep-18-24,08:31AM,Why is Tupperware bankrupt? Food storage brands Chapter 11 filing reveals how it failed to change with the times
AMZN,Sep-18-24,07:15AM,Where Will Nvidia Stock Be in 1 Year?
AMZN,Sep-18-24,06:05AM,These 2 Dow Stocks Are Set to Soar in 2024 and Beyond
AMZN,Sep-18-24,05:06AM,Forget Nvidia: Billionaire Investors Are Selling It and Buying These 2 Trillion-Dollar Stocks Instead
AMZN,Sep-18-24,01:17AM,Amazon names veteran Samir Kumar as new India head
AMZN,Sep-17-24,11:49PM,"Intel-AWS partnership on Intel 18A to determine IDM 2.0 strategy outcome, says DIGITIMES Research"
AMZN,Sep-17-24,06:13PM,"Amazon.com, Inc. (NASDAQ:AMZN): A Trending AI Stock on Latest Analyst Ratings and News"
AMZN,Sep-17-24,05:06PM,"Amazon To Cut Management Layers, End Work From Home"
AMZN,Sep-17-24,03:43PM,Why Talkspace Stock Soared 16% Today
AMZN,Sep-17-24,03:39PM,"DOT approves $1.9B Alaska Air, Hawaiian merger"
AMZN,Sep-17-24,01:08PM,Intel Teams Up With Amazon. Is the Chip Stock a Buy Now?
AMZN,Sep-17-24,12:33PM,Intel strikes deal with Amazon to develop AI chips for AWS
AMZN,Sep-17-24,12:28PM,Amazon's Leaner Structure and AI Chip Partnership with Intel Could Boost Growth: BofA Analyst
AMZN,Sep-17-24,11:57AM,"Top Stock Movers Now: Intel, Microsoft, Amazon, Cigna, and More"
AMZN,Sep-17-24,11:46AM,"Intel Gains After Landing Amazon Deal, Preparing Factory Split"
AMZN,Sep-17-24,11:37AM,Amazon employees are furious about the end of remote work: 'Rather go back to school'
AMZN,Sep-17-24,11:24AM,Amazon sets dates for Prime Big Deal Days
AMZN,Sep-17-24,10:58AM,How Walmart and Amazon use AI to transform retail
AMZN,Sep-17-24,09:40AM,Here's Why Amazon (AMZN) is a Strong Value Stock
AMZN,Sep-17-24,08:15AM,"Intel to Make Custom AI Chip for Amazon, Delay German Plant"
AMZN,Sep-17-24,08:14AM,Intel rises as Amazon deal boosts struggling foundry unit's prospects
AMZN,Sep-17-24,07:39AM,Amazon employees blast Andy Jassys RTO mandate: Id rather go back to school than work in an office again
AMZN,Sep-17-24,07:17AM,5 Things to Know Before the Stock Market Opens
AMZN,Sep-17-24,07:07AM,Watch These Oracle Price Levels as Stock Surges to Record High
AMZN,Sep-17-24,07:00AM,Kroger Antitrust Case Could Open Up New Bag of M&A Possibilities
AMZN,Sep-17-24,06:52AM,CEO Pat Gelsinger's turnaround effort just got a massive boost.
AMZN,Sep-17-24,06:45AM,Intels Turnaround Is Working. Buy the Dip.
AMZN,Sep-17-24,05:46AM,2 Top Tech Stocks That Could Make You a Millionaire
AMZN,Sep-17-24,03:06AM,Billionaire Dan Loeb Has 23% of His Portfolio Invested in 3 AI Stocks (Hint: Not Nvidia)
AMZN,Sep-17-24,01:36AM,The growing consumer pull for sustainable food in the US
AMZN,Sep-17-24,01:00AM,Prime Big Deal Days is Back October 8-9Offering Prime Members Exclusive Access to Millions of Early Holiday Deals
AMZN,Sep-17-24,12:52AM,"Amazon.com, Inc. (NASDAQ:AMZN): A Non-Tech Stock With Long-Term Investment Potential"
AMZN,Sep-17-24,12:37AM,"Amazon.com, Inc. (AMZN): Among Cantor Fitzgeralds Top Internet Stock Picks"
AMZN,Sep-17-24,12:01AM,Xbox Lost the Console War. Now Its Redefining Gaming.
AMZN,Sep-16-24,10:18PM,Watch These Intel Price Levels as Stock Surges After CEO Provides Business Update
AMZN,Sep-16-24,08:19PM,"Amazon.com, Inc. (AMZN): Among Morgan Stanley's Best Stock Picks for 2025"
AMZN,Sep-16-24,08:02PM,"If I Could Only Buy 1 E-Commerce Stock During the Next Market Sell-Off, This Would Be It (Hint: It's Not Amazon)"
AMZN,Sep-16-24,07:41PM,"Intel to Separate Foundry Business, Strikes Networking Chip Deal with AWS"
AMZN,Sep-16-24,07:26PM,Andy Jassys return-to-office mandate shows how serious the Amazon culture mid-life crisis has gotten
AMZN,Sep-16-24,07:04PM,Intel-AWS partnership is 'big win' for Intel's foundry: Analyst
AMZN,Sep-16-24,06:51PM,"The risks of rate cuts, TikTok fights ban bill: Asking for a Trend"
AMZN,Sep-16-24,06:48PM,Shogun Gives Disney Top Emmy for First Time in 19 Years
AMZN,Sep-16-24,06:35PM,Is streaming still a great business? MoffettNathanson asks
AMZN,Sep-16-24,06:14PM,"Amazon.com, Inc. (AMZN) a Good Big Tech Stock to Buy Now?"
AMZN,Sep-16-24,05:48PM,"Intel, AWS to expand AI chipmaking partnership"
AMZN,Sep-16-24,05:45PM,Washington State Moves to Block Albertsons-Kroger Deal
AMZN,Sep-16-24,05:35PM,Intel's Latest Plans Send Its Stock Soaring What You Need To Know
AMZN,Sep-16-24,04:46PM,Amazon Tells Workers to Return to Office Five Days a Week
AMZN,Sep-16-24,04:33PM,"AMZN, GOOGL, or MSFT: Which Cloud Computing Giant Is the Best Pick?"
AMZN,Sep-16-24,04:21PM,Amazon to return to five days a week in-office; reducing bureaucracy
AMZN,Sep-16-24,04:19PM,"Intel foundry business to make custom chip for Amazon, chipmaker's shares jump"
AMZN,Sep-16-24,04:19PM,"Intel and AWS to expand chip making collaboration, Intel shares surge"
AMZN,Sep-16-24,04:01PM,"Intel and AWS Expand Strategic Collaboration, Helping Advance U.S.-Based Chip Manufacturing"
AMZN,Sep-16-24,03:59PM,Amazon mandating five-day work week in office in new memo
AMZN,Sep-16-24,03:52PM,Amazon is requiring workers to be in the office five days a week starting next year
AMZN,Sep-16-24,03:14PM,Stouffer's Launches Boxed Mac and Cheese To Compete With Kraft Heinz
AMZN,Sep-16-24,02:52PM,Amazon's CEO Says It's Time to Get Used to the Daily Commute Again
AMZN,Sep-16-24,02:36PM,"Amazon CEO vows leaner teams amid bloat, ends work from home"
AMZN,Sep-16-24,01:40PM,Amazon mandates five days a week in office starting next year
GOOG,Today,06:00AM,AI? New jobs? California's local news deal with Google leaves lots of unanswered questions
GOOG,Sep-19-24,04:55PM,Google rolls out automatic passkey syncing via Password Manager
GOOG,Sep-19-24,03:00PM,These Are The Best Robinhood Stocks To Buy Or Watch Now
GOOG,Sep-19-24,02:55PM,"Nvidia, AMD stocks lead tech rally after Fed rate cut"
GOOG,Sep-19-24,02:14PM,"At Google antitrust trial, documents say one thing. The tech giant's witnesses say different"
GOOG,Sep-19-24,12:48PM,"Would More Transparency, Issuing Quarterly Guidance Make Google Stock A Buy?"
GOOG,Sep-19-24,12:29PM,"After Lightning Port, EU Targets Apple's iPhone and iPad Systems, Demands Greater Access for Third-Party Developers"
GOOG,Sep-19-24,12:07PM,Googles Drones Picked to Fly Blood Over London
GOOG,Sep-19-24,12:00PM,"Take a barbell approach to Mag 7, tech stocks: Citi strategist"
GOOG,Sep-19-24,11:41AM,"Why Intel, Alphabet, and Mobileye Stocks All Popped Today"
GOOG,Sep-19-24,09:07AM,"What's Going On With AI Related Stocks Nvidia, AMD, Broadcom And Super Micro On Thursday?"
GOOG,Sep-19-24,08:20AM,Amazon adds PayPal payment option to Buy with Prime
GOOG,Sep-19-24,08:19AM,Alphabet Inc. (GOOG): Goldman Sachs Is Bullish On This AI Stock
GOOG,Sep-19-24,07:30AM,Ex-Google Executives Startup to Use AI to Forecast the Weather
GOOG,Sep-19-24,07:27AM,Alphabet Inc. (GOOGL): Among the Best Fortune 500 Stocks to Buy Now
GOOG,Sep-19-24,06:15AM,2 Top Tech Stocks to Buy Right Now
GOOG,Sep-19-24,06:13AM,Waymo and Hyundai in talks about robotaxis  report
GOOG,Sep-19-24,06:01AM,"Google buys carbon removal credits from Brazil startup, joining Microsoft"
GOOG,Sep-19-24,05:35AM,Prediction: These 3 Stocks Won't Be Magnificent Buys in 5 Years
GOOG,Sep-19-24,05:02AM,"Amazons new RTO mandate is a triumph of traditional management over innovative management, says former Google exec"
GOOG,Sep-19-24,04:47AM,"1 Stock-Split Stock Set to Join Nvidia, Apple, Microsoft, Amazon, Alphabet, and Meta In the $1 Trillion Club"
GOOG,Sep-19-24,03:12AM,Alphabet Inc. (GOOG) Revises Chile Data Center Plans Amid Environmental Concerns
GOOG,Sep-18-24,11:09PM,"Waymo in talks with Hyundai Motor to produce self-driving taxis, media report says"
GOOG,Sep-18-24,09:33PM,Chinese AI developers strive for collaboration with TSMC
GOOG,Sep-18-24,04:45PM,What has Taiwan Semiconductor Stock Done Since Nvidia Earnings?
GOOG,Sep-18-24,04:16PM,"These Stocks Moved the Most Today: Intuitive Machines, Super Micro, Boeing, VF Corp., ResMed, General Mills, and More"
GOOG,Sep-18-24,04:09PM,Stocks Reverse Lower After Fed's Half-Point Rate Cut; Donald Trump Stock Slammed Again (Live Coverage)
GOOG,Sep-18-24,03:29PM,"Small-Cap Stocks Lead Volatile Action After Fed's Half-Point Rate Cut; Meta, Carpenter Near Buy Points, But Donald Trump Stock Slammed Again (Live Coverage)"
GOOG,Sep-18-24,03:08PM,Alphabet Inc. (GOOG): This AI Stock Receives Bullish Calls From Wall Street
GOOG,Sep-18-24,02:41PM,Indexes Turn Bullishly Higher On Fed's Half-Point Rate Cut; Donald Trump Stock Slammed Again (Live Coverage)
GOOG,Sep-18-24,02:39PM,"These Stocks Are Moving the Most Today: Intuitive Machines, Super Micro, Boeing, VF Corp., ResMed, General Mills, and More"
GOOG,Sep-18-24,02:25PM,Alphabet Vs. Meta Platforms: D.A. Davidson Selects the Superior Magnificent 7 Stock to Buy
GOOG,Sep-18-24,02:01PM,"Final Trades: Energy Transfer, Trade Desk, Alphabet and General Motors"
GOOG,Sep-18-24,01:44PM,"Indexes Mixed Ahead Of Fed Decision, But Donald Trump Stock Slammed Again; Majority Of Magnificent Seven Stocks Fall (Live Coverage)"
GOOG,Sep-18-24,01:20PM,EU Court Overturns $1.7B Fine Against Google
GOOG,Sep-18-24,01:01PM,Trade Tracker: Jim Lebenthal trims Google and Oracle
GOOG,Sep-18-24,12:44PM,Google finally has something it lacked in antitrust battles: A court victory
GOOG,Sep-18-24,12:28PM,"Indexes Stall Ahead Of Fed Decision, Donald Trump Stock Slammed Again; Most Magnificent Seven Stocks Fall (Live Coverage)"
GOOG,Sep-18-24,12:25PM,"Exclusive-Google offered to sell part of ad tech business, not enough for EU publishers, sources say"
GOOG,Sep-18-24,12:06PM,Solar panel giant to axe a fifth of its workforce
GOOG,Sep-18-24,10:46AM,Indexes Move Quietly Ahead Of Fed Decision; Google Stock Rises 6th Straight Day On Victory In EU Spat (Live Coverage)
GOOG,Sep-18-24,10:00AM,Alphabet Rebounds Above 200-Day Line. Is Google Stock A Defensive Play?
GOOG,Sep-18-24,09:55AM,Google wins court challenge to $1.6B EU antirust fine
GOOG,Sep-18-24,09:36AM,Oracles AI-Driven Growth Has Wall Street Most Bullish in Years
GOOG,Sep-18-24,09:35AM,"Google halts data centre plans in Chile, following environmental concerns"
GOOG,Sep-18-24,09:21AM,"Fed rate decision, size of rate cuts, Google in EU: 3 Things"
GOOG,Sep-18-24,08:55AM,Google urges tribunal to throw out $9.3 billion UK lawsuit over search 'dominance'
GOOG,Sep-18-24,07:52AM,5 Things to Know Before the Stock Market Opens
GOOG,Sep-18-24,07:20AM,Google wins challenge against $1.7 billion EU competition fine
GOOG,Sep-18-24,06:20AM,Google Wins Fight to Scrap $1.7 Billion EU Antitrust Fine Over Ads
GOOG,Sep-18-24,06:00AM,Were so close to the perfect foldable phone
GOOG,Sep-18-24,05:38AM,Missed Out on Nvidia's Monster Gains? Buy This AI Stock Instead
GOOG,Sep-18-24,05:30AM,What's the Best Way to Invest in Stocks Without Any Experience? Start With This ETF.
GOOG,Sep-18-24,04:02AM,Google wins legal bid to overturn 1.5 billion euro antitrust fine in EU digital ad case
GOOG,Sep-18-24,03:59AM,Google wins an appeal against 1.5 billion euro antitrust penalty in a 2019 European Union digital ad case
GOOG,Sep-18-24,03:50AM,Google wins EU antitrust fine fight but setback for Qualcomm
GOOG,Sep-18-24,03:50AM,Google wins challenge against 1.49 billion euro EU antitrust fine
GOOG,Sep-18-24,01:09AM,"Vietnam's top leader Lam to meet Google, Meta in US next week, sources say"
GOOG,Sep-17-24,06:34PM,Gavin Newsom signs AI bills aimed at fighting election deepfakes like those spread by Elon Musk
GOOG,Sep-17-24,06:16PM,Alphabet Inc. (NASDAQ:GOOG): A Trending AI Stock on Latest Analyst Ratings and News
GOOG,Sep-17-24,04:35PM,"Analysts See Uber As Potential Robotaxi Winner, But It Will Need To Partner-Up"
GOOG,Sep-17-24,03:55PM,Google will begin flagging AI-generated images in Search later this year
GOOG,Sep-17-24,02:35PM,Instagram Launches 'Teen Accounts' To Protect Young Users
GOOG,Sep-17-24,02:18PM,Taiwan Semiconductor Fuels Japan's Land Boom With New Chip Plants: Report
GOOG,Sep-17-24,02:17PM,A computer on your face? Snap and others still trying to make augmented reality glasses a reality
GOOG,Sep-17-24,02:01PM,Google says it will rethink its plans for a big data center in Chile over water worries
GOOG,Sep-17-24,01:48PM,Google Cloud Expands Its Partnership With Ginkgo Bioworks For Two New AI-Tools Faster Drug Development
GOOG,Sep-17-24,11:19AM,Why Shares of Gannett Are Soaring Today
GOOG,Sep-17-24,09:37AM,Alphabets Antitrust Woes Have Made It a Cheap Buy for Bulls
GOOG,Sep-17-24,08:42AM,Google takes Chile data center plans back to square one on environmental concerns
GOOG,Sep-17-24,07:45AM,Is Nvidia a Buy?
GOOG,Sep-17-24,06:44AM,"Spanish socialist Teresa Ribera likely to become EU antitrust enforcer, as Ursula von der Leyen names new team"
GOOG,Sep-17-24,06:23AM,"Big Tech, calls for looser rules await new EU antitrust chief"
GOOG,Sep-17-24,05:06AM,Uh-Oh! Alphabet Is Selling Its Stake in 2 Historically High-Flying Artificial Intelligence (AI) Stocks
GOOG,Sep-17-24,03:49AM,12 Countries Millionaires Are Moving To
GOOG,Sep-17-24,03:06AM,Billionaire Daniel Loeb Has 23% of His Portfolio Invested in 3 AI Stocks (Hint: Not Nvidia)
GOOG,Sep-17-24,03:06AM,Billionaire Dan Loeb Has 23% of His Portfolio Invested in 3 AI Stocks (Hint: Not Nvidia)
GOOG,Sep-17-24,12:33AM,Alphabet Inc. (GOOG): Among Cantor Fitzgeralds Top Internet Stock Picks
GOOG,Sep-17-24,12:01AM,Xbox Lost the Console War. Now Its Redefining Gaming.
GOOG,Sep-16-24,09:30PM,Hong Kong Considers Rules for AI Use in Finance
GOOG,Sep-16-24,05:45PM,Alphabet Inc. (GOOG) Outperforms Broader Market: What You Need to Know
GOOG,Sep-16-24,05:31PM,Alphabet Inc. (GOOGL) a Good Big Tech Stock to Buy Now?
GOOG,Sep-16-24,05:04PM,Why Oracle Stock Jumped More Than 5% to a Record High on Monday
GOOG,Sep-16-24,04:33PM,"AMZN, GOOGL, or MSFT: Which Cloud Computing Giant Is the Best Pick?"
GOOG,Sep-16-24,03:29PM,"3-Stock Lunch: Alphabet, Domino's Pizza"
GOOG,Sep-16-24,03:26PM,Microsoft bringing more AI technology to its productivity software as it works to monetize investments
GOOG,Sep-16-24,01:40PM,"Analysts rework Google parent price target on search, antitrust concerns"
GOOG,Sep-16-24,12:17PM,Jim Cramer on Allegations Against Alphabet (GOOG): I Dont Even Know if its Germane to the Issue
GOOG,Sep-16-24,10:25AM,"Nestle, Colgate-Palmolive, Alphabet: 3 Stocks In Focus"
GOOG,Sep-16-24,09:54AM,Alphabet Price Target Cut On 'Worst Case' Antitrust Scenario
GOOG,Sep-16-24,09:24AM,Google May Lose Exclusive Search Deals. It Could Be a Worst Case Scenario.
GOOG,Sep-16-24,09:16AM,"Fed rate cut, TikTok and Google, Trump's safety: 3 Things"
GOOG,Sep-16-24,09:10AM,10 Artificial Intelligence Stocks That Could Make You a Millionaire
GOOG,Sep-16-24,08:52AM,Life in the Fast Lane for PayPal? New Partnerships Could Boost the Stock.
GOOG,Sep-16-24,08:00AM,What A Trump Or Harris White House Means For Big Tech Antitrust Battles
GOOG,Sep-16-24,08:00AM,Alphabet Inc: An Exploration into Its Intrinsic Value
GOOG,Sep-16-24,07:48AM,"BHP Group Sounds Alarm on Copper Supply, AI and EV Growth Could Drive Prices Soaring: Report"
GOOG,Sep-16-24,07:17AM,How Much Will Alphabet Pay Out in Dividends This Year?
GOOG,Sep-16-24,06:37AM,Jim Cramer Says Alphabet Inc. (GOOG)s New Case Is More Absurd
GOOG,Sep-16-24,05:45AM,"Prediction: Amazon Will NOT Become the Market's Next Dividend Stock, and This Is Why"
AAPL,Today,06:45AM,Apple Investors Just Got Terrible News
AAPL,Today,06:15AM,Apple faces EU compliance demand for iPhone OS
AAPL,Sep-19-24,08:49PM,Apple iPhone 16 Reaches Stores Without Its Highly Awaited AI Features
AAPL,Sep-19-24,04:24PM,Apple Stock Rises On Reassuring iPhone 16 Sales Comments From T-Mobile
AAPL,Sep-19-24,03:26PM,Apple Stock Is Up. Its Good Day Cant Erase iPhone Concerns.
AAPL,Sep-19-24,03:25PM,Apple begins testing AI software designed to bring a smarter Siri to the iPhone 16
AAPL,Sep-19-24,01:50PM,"T-Mobile CEO talks Sprint merger, iPhone 16 demand, what's next"
AAPL,Sep-19-24,01:50PM,"T-Mobile CEO on iPhone 16 demand, new 2027 goals"
AAPL,Sep-19-24,01:13PM,EU to Offer Apple Guidance on Digital Rules Compliance
AAPL,Sep-19-24,12:29PM,"After Lightning Port, EU Targets Apple's iPhone and iPad Systems, Demands Greater Access for Third-Party Developers"
AAPL,Sep-19-24,12:02PM,"Why Artificial Intelligence (AI) Stocks Broadcom, TSMC, and Arm Holdings Were Moving Higher Today"
AAPL,Sep-19-24,12:00PM,"Take a barbell approach to Mag 7, tech stocks: Citi strategist"
AAPL,Sep-19-24,11:53AM,Magnificent Seven Stocks: Nvidia Stock Jumps Above Key Level; Apple Nears New Buy Point
AAPL,Sep-19-24,11:37AM,Apple Stock Is Rising. Why Its Good Day Actually Isnt So Good.
AAPL,Sep-19-24,11:05AM,Is Meta Stock A Buy Ahead Of Connect Conference?
AAPL,Sep-19-24,10:37AM,"Apple, Alibaba, PayPal and Amazon: 3 Stories In Focus"
AAPL,Sep-19-24,10:34AM,Dows Lack of AI Stocks Puts Blue-Chip Index Behind the Curve
AAPL,Sep-19-24,10:04AM,Addressing iPhone Pessimism
AAPL,Sep-19-24,10:00AM,"These Were the 5 Biggest Companies in 2009, and Here Are the 5 Biggest Companies Now"
AAPL,Sep-19-24,09:33AM,Apple Warned By EU About 'Interoperability' Compliance
AAPL,Sep-19-24,09:21AM,European Union moves to compel Apple to open up operating system to rival tech
AAPL,Sep-19-24,07:20AM,Apple Inc. (AAPL): Among the Best Fortune 500 Stocks to Buy Now
AAPL,Sep-19-24,06:20AM,Apple Gets EU Warning to Open Up iPhone Operating System
AAPL,Sep-19-24,05:10AM,"Apple Has Unveiled the iPhone 16, and This Is Why Investors Aren't Impressed"
AAPL,Sep-19-24,04:50AM,New iPhone 16 unveiled in Russia as retailers skirt Apple's export ban
AAPL,Sep-19-24,04:47AM,"1 Stock-Split Stock Set to Join Nvidia, Apple, Microsoft, Amazon, Alphabet, and Meta In the $1 Trillion Club"
AAPL,Sep-19-24,04:44AM,Jim Cramer on Apple Inc. (AAPL): The Weekends Pre-orders For The New iPhone 16 Were Anemic According to Firms
AAPL,Sep-19-24,03:26AM,Apple Inc. (AAPL)s New iPhone Launch Faces Challenges as Demand Slows and Competition from Chinese Firms Intensifies
AAPL,Sep-19-24,01:44AM,iPhone 16 spurs OLED competition as South Korea and China battle for market lead
AAPL,Sep-19-24,01:43AM,TSMC solves mass production issues in US; advanced process self-sufficiency may be realized
AAPL,Sep-18-24,11:29PM,"PCB firms' August data shows increased demand, except Nan Ya's"
AAPL,Sep-18-24,10:59PM,"Luxshare expands in Apple supply chain and auto sector, challenging Foxconn's dominance"
AAPL,Sep-18-24,10:53PM,"Winbond secures NOR flash orders from Apple for 3Q24, say sources"
AAPL,Sep-18-24,10:22PM,MacBook Air supply snag: Chinese supplier falls short as Apple tightens the purse strings
AAPL,Sep-18-24,09:23PM,"Chinese MacBook bearing supplier hit by quality issues, orders shift to US, Taiwan"
AAPL,Sep-18-24,05:40PM,Apple iPhone 16 to be released Friday. A hands-on look
AAPL,Sep-18-24,04:35PM,Consumer AI revolution should drive Apple higher: Dan Ives
AAPL,Sep-18-24,04:34PM,"While Apple Abandoned Its Car Project After Pouring $1B Into It, Its Key Supplier Foxconn Is Now Collaborating With Sharp On An EV Prototype"
AAPL,Sep-18-24,03:22PM,Apple Inc. (AAPL): Wall Street Analysts Have Bullish Views On This Trending AI Stock
AAPL,Sep-18-24,03:15PM,"Wells Fargo Lowers Price Target For Amazon.com, Inc. (AMZN) And Keeps An Overweight Rating"
AAPL,Sep-18-24,03:08PM,Alphabet Inc. (GOOG): This AI Stock Receives Bullish Calls From Wall Street
AAPL,Sep-18-24,02:23PM,Apple iPhone Demand Worries May Weigh on the Stock. An Analyst Says Buy the Dip.
AAPL,Sep-18-24,02:02PM,Apple Inc. (NASDAQ:AAPL)s iPhone Upgrade Cycle: Will AI Boost Sales?
AAPL,Sep-18-24,01:39PM,"More on Apple's New Devices, What's Next for iPhone?, What's Next for Apple Watch?"
AAPL,Sep-18-24,01:27PM,"iPhone 16 Pro Max review: A $1,200 glimpse at a more intelligent future"
AAPL,Sep-18-24,01:03PM,"Apple Intelligence will support German, Italian, Korean, Portuguese, and Vietnamese in 2025"
AAPL,Sep-18-24,08:55AM,Google urges tribunal to throw out $9.3 billion UK lawsuit over search 'dominance'
AAPL,Sep-18-24,08:53AM,Is Apple Stock A Buy Amid Reports Of Lackluster iPhone 16 Preorders?
AAPL,Sep-18-24,08:27AM,Apple Inc. (AAPL): Best Long-Term Stock to Buy According To Warren Buffett
AAPL,Sep-18-24,08:05AM,"If You Bought 1 Share of Apple Stock at Its IPO, Here's How Many Shares You Would Own Now"
AAPL,Sep-18-24,08:00AM,Want an iPhone 16 Review? Just Ask Joannabot
AAPL,Sep-18-24,06:45AM,Top analyst revisits Apple stock price target amid iPhone 16 debate
AAPL,Sep-18-24,06:45AM,"Microsoft, BlackRocks AI Fund and Fed Rate Cut Point to More Infrastructure Investments"
AAPL,Sep-18-24,06:05AM,These 2 Dow Stocks Are Set to Soar in 2024 and Beyond
AAPL,Sep-18-24,04:51AM,53% of Warren Buffett's $309 Billion Portfolio Is Invested in These 3 Unstoppable Stocks
AAPL,Sep-18-24,04:31AM,Prediction: This Unstoppable Vanguard ETF Will Beat the S&P 500 Again in 2025
AAPL,Sep-18-24,01:35AM,How will the $25m Beats headphones ruling impact Dr Dres wealth?
AAPL,Sep-17-24,11:18PM,Apple supplier Luxshare acquires German auto supplier Leoni in diversification bid
AAPL,Sep-17-24,10:31PM,Apple poised to introduce self-developed 5G modem in iPhones by 2025
AAPL,Sep-17-24,07:09PM,A Big Sale of Berkshire Hathaway Stock! What Might Ajit Jain's Move Mean?
AAPL,Sep-17-24,06:31PM,Which Tech Stock Is Better: Apple or Microsoft?
AAPL,Sep-17-24,06:16PM,Alphabet Inc. (NASDAQ:GOOG): A Trending AI Stock on Latest Analyst Ratings and News
AAPL,Sep-17-24,06:10PM,Apple Inc. (NASDAQ:AAPL): A Trending AI Stock on Latest Analyst Ratings and News
AAPL,Sep-17-24,05:27PM,Why Apple Intelligence Matters to Fashion
AAPL,Sep-17-24,04:05PM,"JPMorgan Chase Could Take Over Apple Credit Cards From Goldman, WSJ Reports"
AAPL,Sep-17-24,04:00PM,JPMorgan in Talks With Apple to Take Over Credit Card From Goldman
AAPL,Sep-17-24,03:32PM,JPMorgan in talks to become Apple Card's newest issuer: WSJ
AAPL,Sep-17-24,03:29PM,Apple On Verge Of Bearish Signal As Stock Struggles To Bounce Back
AAPL,Sep-17-24,03:10PM,Epic Games Store  and Fortnite  now available on iPad in the EU
AAPL,Sep-17-24,12:07PM,Apple Watch gets a major upgrade: Sleep apnea detection
AAPL,Sep-17-24,12:04PM,Apple AirPods 4: What you need to know
AAPL,Sep-17-24,10:33AM,Founder vs. activist: A dramatic two-year battle over health-tech firm Masimo comes to a head this week
AAPL,Sep-17-24,09:43AM,Heres what you should know about Apples new sleep and hearing health features
AAPL,Sep-17-24,08:32AM,FDA clears Apple's sleep apnea detection feature for use
AAPL,Sep-17-24,08:00AM,Apple Watch Series 10 review: Bigger and brighter
AAPL,Sep-17-24,06:23AM,"Big Tech, calls for looser rules await new EU antitrust chief"
AAPL,Sep-17-24,05:30AM,"Apple's iPhone 16 already selling at a discount in China, as AI delay cools demand"
AAPL,Sep-17-24,05:27AM,Apple wins a patent for a possible future 'Flashlight' Accessory for an Apple Watch Band
AAPL,Sep-17-24,04:46AM,"Nvidia, Meta, Apple, and Microsoft Could Help This Stock-Split ETF Turn $200,000 Into $1 Million"
AAPL,Sep-17-24,03:01AM,iPhone fears wipe $94bn off Apple
AAPL,Sep-16-24,09:49PM,Apple Inc. (AAPL): Among Morgan Stanley's Best Stock Picks for 2025
AAPL,Sep-16-24,08:27PM,"Intel Leads S&P 500 Monday, And Keeps Running Late; Apple Chipmakers Are Biggest Losers"
AAPL,Sep-16-24,08:15PM,"Dan Ives Predicts an Apple ""Supercycle"" With the New AI-Optimized iPhone. What Could This Mean for the Stock?"
AAPL,Sep-16-24,08:00PM,Is It Too Late to Buy Broadcom Stock?
AAPL,Sep-16-24,06:51PM,"The risks of rate cuts, TikTok fights ban bill: Asking for a Trend"
AAPL,Sep-16-24,05:23PM,Apple's Hoped-For iPhone 16 Supercycle Isn't Looking So Super Now
AAPL,Sep-16-24,05:21PM,Apple Inc. (AAPL) a Good Big Tech Stock to Buy Now?
AAPL,Sep-16-24,05:20PM,Apple's iPhone 16 upgrade cycle will 'take time': Analyst
AAPL,Sep-16-24,05:04PM,S&P 500 Gains and Losses Today: Intel Surges on Deal To Produce Military Chips
AAPL,Sep-16-24,04:16PM,Nasdaq dips on Apple performance as market looks to the Fed
AAPL,Sep-16-24,04:06PM,Heard on the Street: Apples iPhone Supercycle May Lack Urgency
AAPL,Sep-16-24,03:47PM,Apple Stock Slips as Analysts Say iPhone 16 May Be Off to a Slow Start
AAPL,Sep-16-24,02:35PM,Affirms BNPL Deal With Apple Is Live. Investors Have Been Waiting for This.
AAPL,Sep-16-24,02:26PM,"From Nvidia to Apple, tech stocks could get a boost from Fed rate cuts, analysts say"
AAPL,Sep-16-24,02:07PM,Apple Gets FDA Approval for Smartwatch Sleep Apnea Detection Feature
AAPL,Sep-16-24,01:49PM,"Why Broadcom, Taiwan Semiconductor, and Arm Holdings Fell on Monday"
AAPL,Sep-16-24,01:13PM,iPhone fears wipe $116bn off Apple
AAPL,Sep-16-24,01:09PM,"iOS 18 Is Here: A Worthy iPhone Upgrade, No AI Necessary"
AAPL,Sep-16-24,01:00PM,iOS 18: 18 Tips and Tricks for Apples New iPhone Software
AAPL,Sep-16-24,12:54PM,"Apple Stock Falls. iPhone 16 Demand May Be Lacking, Analyst Says."
WMT,Sep-19-24,05:33PM,Walmart is reportedly introducing a pay-by-bank system to avoid pesky credit card fees
WMT,Sep-19-24,04:28PM,"Value Consumers: Some Are Trading Down, But Others Are Trading Up"
WMT,Sep-19-24,01:20PM,Walmart kicks off holiday deals in October due to consumer demand
WMT,Sep-19-24,12:33PM,Walmart starting its holiday promotions earlier than ever this year
WMT,Sep-19-24,11:50AM,Remote and Hybrid Work Are Still Popular. Just Ask This Furniture Maker
WMT,Sep-19-24,10:58AM,Walmart starting its holiday promtions earlier than ever this year
WMT,Sep-19-24,10:30AM,Walmart To Offer Fashion Deals Under $5 for Holiday
WMT,Sep-19-24,10:00AM,"These Were the 5 Biggest Companies in 2009, and Here Are the 5 Biggest Companies Now"
WMT,Sep-19-24,09:32AM,Numerator: Walmart captures 21% of CPG spend across U.S.
WMT,Sep-19-24,09:30AM,Brokers Suggest Investing in Walmart (WMT): Read This Before Placing a Bet
WMT,Sep-19-24,08:56AM,Campbell's is in for a fight against private labels and big-name rivals as it chases growth
WMT,Sep-19-24,08:56AM,Campbell is in for a fight against private labels and big-name rivals as it chases growth
WMT,Sep-19-24,08:47AM,"Walmart Steps Up Holiday Game, Inflation-Free Thanksgiving Meal Returns"
WMT,Sep-19-24,07:55AM,Target Hires PepsiCo Veteran Jim Lee As Finance Chief
WMT,Sep-19-24,07:00AM,Walmart will now let you Shop with Friends from home
WMT,Sep-19-24,12:01AM,Walmart Unveils its Holiday Plans with Early Shopping Deals and Affordable Meals
WMT,Sep-18-24,05:35PM,Walmart Inc. (WMT): Hedge Funds Are Bullish On This Counter Cyclical and Defensive Stock to Invest In
WMT,Sep-18-24,11:10AM,Amazon Boosts Warehouse Worker Pay by at Least $1.50 an Hour
WMT,Sep-18-24,07:00AM,Inside closing arguments from the FTCs challenge to Kroger-Albertsons merger
WMT,Sep-18-24,06:57AM,Crave Hot Dogs & BBQ opens express unit within Walmart in Florida
WMT,Sep-18-24,04:37AM,Walmarts Sams Club unveils new associate compensation plan
WMT,Sep-18-24,02:28AM,Walmart Inc. (WMT) Expands Digital Growth with Strong Marketplace and Data Ventures Performance
WMT,Sep-17-24,09:00PM,Dollar Stores Expand Aggressively Even as Sales Shrink
WMT,Sep-17-24,05:55PM,Why Dada Nexus Stock Rocketed Almost 22% Higher on Tuesday
WMT,Sep-17-24,05:27PM,Tupperware May File For Bankruptcy. Here Are 5 Companies That Already Have This Year
WMT,Sep-17-24,04:31PM,"Walmart-Owned Sams Club Raises Hourly Wage for 100,000 Workers"
WMT,Sep-17-24,04:16PM,"Houston-Area Blaze Caused by SUV Accident, Officials Say"
WMT,Sep-17-24,01:55PM,Walmart Division Sam's Club Raises Wages For Hourly Associates: A Strategic Move To Stay Ahead In Retail
WMT,Sep-17-24,01:24PM,Walmart streamlines order management for third-party sellers
WMT,Sep-17-24,12:32PM,"Walmart's Sam's Club to raise hourly pay for 100,000 workers from November"
WMT,Sep-17-24,10:58AM,How Walmart and Amazon use AI to transform retail
WMT,Sep-17-24,10:07AM,Sams Club Reimagines Workforce Compensation; Launches New Plan Focused on Providing More Predictable Financial Futures for Hourly Associates
WMT,Sep-17-24,09:45AM,Here's Why Walmart (WMT) is a Strong Growth Stock
WMT,Sep-17-24,03:01AM,Greystone Logistics Inc (GLGI) Q4 2024 Earnings Call Transcript Highlights: Strong Financial ...
WMT,Sep-17-24,01:36AM,The growing consumer pull for sustainable food in the US
WMT,Sep-17-24,12:53AM,Walmart Inc. (NYSE:WMT): A Non-Tech Stock With Long-Term Investment Potential
WMT,Sep-16-24,07:38PM,Walmart Inc. (WMT): Among Morgan Stanleys Best Stock Picks for 2025
WMT,Sep-16-24,05:45PM,Washington State Moves to Block Albertsons-Kroger Deal
WMT,Sep-16-24,02:17PM,Consumer staples: Why one analyst rates the sector as Underweight
WMT,Sep-16-24,12:47PM,August grocery sales climb 7% YOY to $9.9B
WMT,Sep-16-24,12:21PM,Here's how Walmart customers are shopping for Halloween
WMT,Sep-16-24,06:55AM,"Walmart and Amazon reimagine retail with AI, finds GlobalData"
WMT,Sep-16-24,06:00AM,"Driven by delivery, online grocery sales increase for third consecutive month"
WMT,Sep-16-24,05:06AM,Forget Walmart: The Biggest Retail Stock Split of the Year Has Arrived
WMT,Sep-15-24,08:30AM,Hasbro CEO goes all in on kidults and gaming
WMT,Sep-15-24,07:00AM,He Used to Bag Groceries. Now Krogers CEO Is Trying to Save a $20 Billion Deal.
WMT,Sep-14-24,01:55PM,Is Walmart Inc. (WMT) an Unstoppable Dividend Stocks to Buy?
WMT,Sep-14-24,12:39PM,Is Walmart (WMT) the Best Blue Chip Stock To Invest In According to Short Sellers?
WMT,Sep-14-24,09:00AM,"Crypto insurance explained, Walmart is coming out on top, and Trump Media stock took a dive: Weekend money markets roundup"
WMT,Sep-14-24,06:00AM,"Walmart embarks on 'style tour' to prove it is a fashion destination, with two stops in L.A."
WMT,Sep-14-24,06:00AM,The House of Walmart? Retailer tries again to sell itself as fashion destination
WMT,Sep-13-24,04:35PM,5 things: Why Walmart was at fashion week
WMT,Sep-13-24,06:16AM,Walmart rolls out Carolines Carts for inclusive shopping
WMT,Sep-12-24,11:46PM,Goldman Thinks Walmart Inc. (WMT) Is A Long-Term AI Stock Set To Rally Eventually
WMT,Sep-12-24,03:29PM,Walmart expands inclusive shopping with specialized shopping carts
WMT,Sep-12-24,02:12PM,How IPO Powerhouse Tiendas 3B Is Emulating Aldi With Hard Discounts
WMT,Sep-12-24,11:41AM,"Exclusive-India probe finds Amazon, Walmart's Flipkart breached antitrust laws"
WMT,Sep-12-24,11:28AM,Walmart to debut inclusive shopping carts at stores in 11 states
WMT,Sep-12-24,08:02AM,"Petco Health and Wellness Company, Inc. (NASDAQ:WOOF) Q2 2024 Earnings Call Transcript"
WMT,Sep-12-24,08:02AM,"Mama's Creations, Inc. (NASDAQ:MAMA) Q2 2025 Earnings Call Transcript"
WMT,Sep-12-24,08:00AM,Walmart Raises the Bar for Inclusive Shopping with Specialized Caroline's Carts in Texas
WMT,Sep-12-24,08:00AM,Walmart Raises the Bar for Inclusive Shopping with Specialized Caroline's Carts in Tennessee
WMT,Sep-12-24,08:00AM,Walmart Raises the Bar for Inclusive Shopping with Specialized Caroline's Carts in Oklahoma
WMT,Sep-12-24,08:00AM,Walmart Raises the Bar for Inclusive Shopping with Specialized Caroline's Carts in New Mexico
WMT,Sep-12-24,08:00AM,Walmart Raises the Bar for Inclusive Shopping with Specialized Caroline's Carts in Missouri
WMT,Sep-12-24,08:00AM,Walmart Raises the Bar for Inclusive Shopping with Specialized Caroline's Carts in Louisiana
WMT,Sep-12-24,08:00AM,Walmart Raises the Bar for Inclusive Shopping with Specialized Caroline's Carts in Kentucky
WMT,Sep-12-24,08:00AM,Walmart Raises the Bar for Inclusive Shopping with Specialized Caroline's Carts in Colorado
WMT,Sep-12-24,08:00AM,Walmart Raises the Bar for Inclusive Shopping with Specialized Caroline's Carts in Arkansas
WMT,Sep-12-24,08:00AM,Walmart Raises the Bar for Inclusive Shopping with Specialized Caroline's Carts in Arizona
WMT,Sep-12-24,08:00AM,Walmart Raises the Bar for Inclusive Shopping with Specialized Caroline's Carts in Alabama
WMT,Sep-12-24,05:00AM,"Dollar General and Dollar Tree need a 'new playbook' to compete with Walmart and Target, analysts say"
WMT,Sep-12-24,03:00AM,Walmart Exec: Bring More Small Businesses into the U.S. Manufacturing Boom
WMT,Sep-12-24,12:28AM,Is Walmart Inc. (WMT) the Best Defensive Stock According to Reddit?
WMT,Sep-11-24,10:18PM,10 Best Stocks For Beginners With Little Money
WMT,Sep-11-24,04:26PM,"Dollar Tree, Inc. (DLTR): A Discount Retailer Stock to Add to Your Portfolio (Ready for Review)"
WMT,Sep-11-24,04:24PM,Walmart partners to provide financing to third-party sellers
WMT,Sep-11-24,04:01PM,Walmart enters partnership to provide third-party sellers financing
WMT,Sep-11-24,04:01PM,Forrester: Amazon and Walmart to capture one-fourth of U.S. retail sales by 2029
WMT,Sep-11-24,03:48PM,Walmart Inc. (WMT): Best Discount Retailer Stock to Add to Your Portfolio?
WMT,Sep-11-24,02:05PM,"SharkNinja, Inc. (SN): A Bull Case Theory"
WMT,Sep-11-24,02:03PM,Gildan Activewear Inc. (GIL): A Bull Case Theory
WMT,Sep-11-24,01:16PM,Consumer spending trends are split and Walmart is seeing the upside
WMT,Sep-11-24,12:52PM,Stock Splits Continue Their 2024 Comeback
WMT,Sep-11-24,11:48AM,'I Know I'm Not Broke'  Shaquille O'Neal's Card Was Declined At Walmart After Attempting 'The Biggest Purchase In Walmart History'
WMT,Sep-11-24,10:58AM,"TGT, WMT, or COST: Which Retail Giant Is the Best Investment?"
WMT,Sep-11-24,07:13AM,Beleaguered BGMEA Joins Cascale as Bangladesh Takes Concrete Steps
WMT,Sep-11-24,06:00AM,Pardon the Disruption: Whos afraid of the digital grocery store?
WMT,Sep-10-24,12:58PM,Walmart Is a Wonder Stock
WMT,Sep-10-24,11:56AM,Walmart makes history with 3D-printed store addition
WMT,Sep-10-24,10:15AM,"Alquist 3D works with Walmart to Pioneer 3D-Printed Expansion in Athens, TN"
WMT,Sep-10-24,09:00AM,Walmart Inc. (WMT) is Attracting Investor Attention: Here is What You Should Know
WMT,Sep-10-24,08:45AM,"As the clock ticks on the Kroger-Albertsons merger, the stakes for the grocers are rising, analysts say"
WMT,Sep-10-24,08:40AM,Amazon Targets Walmart's Grocery Market with Expanded Prime Discounts
WMT,Sep-10-24,07:57AM,Walmart unveils top toys for holiday season
WMT,Sep-10-24,04:33AM,Should You Buy Dollar Tree Stock at Its 9-Year Low?
WMT,Sep-09-24,06:21PM,Not Panicking Over Nvidia
WMT,Sep-09-24,06:08PM,Mattel CEO eyes the crucial holiday shopping season amid flagging toy demand
WMT,Sep-09-24,03:35PM,Why American consumers are 'choiceful' right now
WMT,Sep-09-24,02:53PM,Walmart reportedly expanding third-party sneaker assortment
